LandProvince;SeaZone;x;y
21;11977;4543;2369;
30;11339;6196;1958;
34;11832;7734;974;
35;13195;4410;2374;
41;13172;5029;2723;
45;11330;6022;1942;
47;12700;2499;2335;
48;11148;7209;324;
50;11891;7421;1072;
52;11579;7616;3526;
53;11448;7081;2459;
58;10210;2473;2097;
60;11148;7180;286;
62;10476;3980;1469;
63;11412;2310;1411;
66;10212;2438;2117;
69;13223;3958;3300;
82;13223;3939;3301;
93;7227;6300;1822;
97;7227;6247;1816;
107;11452;7088;2772;
114;11123;2244;2021;
115;11968;7971;56;
118;12009;7910;97;
125;13255;4572;3533;
140;12322;5164;2854;
141;12166;6339;1652;
144;12668;2334;2903;
146;12043;6188;1697;
148;2359;7459;612;
149;11919;4053;2807;
153;13183;4851;2327;
156;11327;5893;1641;
161;12763;3263;1420;
162;11327;5903;1709;
165;11482;6639;1070;
169;11973;4826;2323;
189;12322;5148;2820;
195;11911;4030;2530;
200;13191;4474;2686;
203;12322;5152;2830;
204;10785;6329;1550;
208;10785;6321;1562;
210;13208;4000;2527;
212;12454;2591;3384;
226;12221;4960;2061;
234;10170;4228;3425;
237;10204;4016;3356;
241;7307;4320;3266;
249;11397;1928;3672;
250;12421;7496;1216;
254;13204;4206;2774;
255;11937;4279;3254;
256;4684;6365;1437;
258;11948;7395;154;
260;13151;2506;3869;
265;7287;2237;2714;
266;11347;6452;1260;
269;11394;1912;2684;
271;11426;6764;1452;
273;12151;7312;138;
281;11511;6928;773;
284;11849;8073;375;
285;10177;4475;3583;
289;10171;4544;3231;
295;11908;4175;2644;
301;7307;4349;3240;
305;11902;4407;2496;
310;13206;4073;2627;
314;11891;7457;1116;
318;11891;7411;1118;
320;13199;4309;2438;
325;11331;6057;1994;
327;13243;2350;2385;
336;10210;2467;2035;
337;12187;7311;2953;
354;7306;4212;3542;
357;13202;4279;2739;
363;11441;6815;2362;
365;11631;6966;1028;
368;13204;4152;2730;
379;2396;2457;244;
380;13190;4531;2630;
385;10426;2695;2008;
389;10210;2449;2042;
391;10639;3131;1014;
392;11413;2470;382;
393;12264;1587;2624;
413;12064;4818;2283;
415;13221;3974;3155;
419;13185;4691;2336;
425;11624;7363;788;
426;13212;3875;2631;
431;11480;6794;1267;
434;13185;4676;2340;
436;12186;7268;2755;
441;11419;7236;774;
445;11382;6364;1260;
446;12991;5370;2188;
449;10579;2237;1588;
450;11460;7360;2760;
458;13222;3908;3273;
459;7241;4194;3133;
462;2417;4404;3186;
467;2415;4653;2686;
474;13172;5030;2715;
476;11442;6820;2216;
478;10201;4104;3154;
483;11998;1415;2844;
486;11343;6324;1669;
491;10508;2836;588;
495;4726;2781;3626;
503;4824;2222;4058;
505;11928;3927;3231;
510;10184;4492;3446;
522;4858;4379;2870;
524;11436;6956;2118;
525;11998;1407;2852;
526;10218;2117;2742;
528;11324;5898;1500;
530;10758;4664;184;
535;11205;2661;404;
538;12177;6843;2088;
540;10218;2082;2750;
541;12101;5203;728;
543;12120;6934;1522;
546;12671;2303;2864;
553;13010;5002;814;
557;10837;4278;1411;
567;13237;5066;3766;
577;11345;6662;1200;
585;11974;4890;2427;
588;11338;6136;2021;
592;11483;6620;1208;
594;13031;6607;1355;
608;13031;6571;1353;
612;10838;4298;1252;
614;10086;6435;1336;
615;13208;4007;2471;
618;13172;4982;2686;
624;11382;6342;1234;
626;10272;2801;3477;
630;11426;6756;1374;
633;12455;2703;3322;
634;11090;5310;1848;
637;12453;2572;3492;
659;13195;4398;2383;
662;11558;7489;3448;
663;12181;6972;2456;
669;11439;6902;2646;
670;12698;2439;2337;
672;11483;6592;1083;
673;13199;4364;2384;
674;11794;6907;288;
676;11483;6586;1078;
678;13202;4260;2795;
679;7273;6953;2466;
683;12094;5738;1969;
685;10663;2408;2326;
686;11401;2183;2030;
688;11794;6860;289;
689;12695;2240;2456;
690;10907;4824;466;
704;13209;3913;2543;
711;12323;5173;2865;
714;11452;7062;2752;
733;10007;1271;3484;
738;11628;7105;925;
750;13254;4602;3478;
766;11919;3949;2786;
773;11973;4810;2324;
774;11998;1372;2880;
778;11106;5777;1749;
779;11458;7282;2586;
784;11350;6854;1158;
788;13184;4821;2267;
792;10088;6891;1737;
795;13000;5187;1480;
797;11350;6814;1191;
828;13208;3967;2516;
832;11970;4393;2696;
838;12667;2393;3070;
839;12320;5308;2538;
842;13208;3949;2505;
844;12453;2489;3386;
845;10476;3933;1453;
850;11094;5236;2131;
852;12320;5242;2524;
859;7305;3975;3381;
863;10194;4055;3244;
875;13204;4153;2745;
882;12696;2182;2149;
887;11480;6735;1262;
889;13207;4068;2491;
890;12151;7287;150;
894;11786;197;844;
895;12907;7471;292;
900;12453;2524;3442;
902;13010;5091;766;
920;7307;4300;3234;
924;10194;4062;3223;
935;11350;6864;1138;
937;11066;4979;1168;
949;12180;6837;2683;
951;11350;6822;1218;
956;10224;3911;3591;
969;10006;3701;1719;
979;4862;4349;3380;
980;12271;1311;3002;
989;11480;6787;1231;
991;10327;3885;1452;
992;12271;1301;3018;
994;11330;6000;1906;
999;11632;6851;1022;
1004;11362;6513;1844;
1009;11329;5987;1886;
1012;12222;3014;948;
1013;11501;6837;1020;
1021;2396;2467;287;
1031;12199;4877;3600;
1033;13220;3919;3158;
1035;11090;5267;1824;
1036;11973;4797;2336;
1039;13191;4512;2731;
1044;11449;7254;2601;
1053;13185;4656;2338;
1056;10088;6837;1787;
1057;11449;7260;2623;
1059;12186;7297;2795;
1060;11428;6886;1610;
1062;11624;7355;804;
1066;12991;5334;2174;
1070;4834;2220;2620;
1071;13204;4211;2773;
1076;11780;7197;1235;
1077;12992;5189;2205;
1081;10328;4202;1491;
1086;11971;4224;3464;
1089;7305;3991;3433;
1105;11428;6918;1626;
1106;13209;3938;2528;
1110;10508;2793;579;
1118;12175;6874;1637;
1123;11365;6560;1692;
1135;4858;4361;2852;
1139;13242;4348;3705;
1140;12323;5206;2892;
1143;11338;6133;2061;
1154;12671;2291;2858;
1155;13172;5017;2697;
1159;11358;6786;2130;
1160;11452;7024;2706;
1161;10218;2057;2738;
1163;12120;6927;1509;
1164;11910;4099;2513;
1165;11130;6259;828;
1168;12174;6899;1506;
1174;12831;2022;2363;
1178;11194;2102;2435;
1179;12555;3044;3754;
1187;12945;1887;2387;
1192;12312;4909;3538;
1200;10940;4858;3566;
1204;11338;6105;2012;
1208;12165;6532;1202;
1210;11911;4033;2466;
1226;13173;4884;2710;
1238;13208;3997;2473;
1241;13175;4851;2720;
1242;12456;2611;3320;
1250;10673;2470;801;
1252;4684;6417;1350;
1259;10183;4460;3398;
1260;4863;4529;3219;
1265;13249;4591;3416;
1267;4863;4522;3215;
1269;11944;4217;3577;
1278;13250;4627;3394;
1280;12695;2305;2333;
1282;10089;6499;1073;
1284;4770;7689;3222;
1289;11361;6486;1944;
1290;12180;6857;2661;
1295;11173;6803;253;
1312;12747;2458;545;
1315;12997;5091;1710;
1327;13257;1979;3785;
1333;7281;1181;3494;
1335;12115;7074;2382;
1336;11454;7128;2764;
1340;12095;5748;1824;
1341;12668;2334;2920;
1348;12992;5164;2266;
1350;12115;7068;2366;
1355;10088;6840;1807;
1360;11500;2289;2026;
1361;2395;2527;74;
1363;11714;8028;1308;
1366;13018;4374;1078;
1370;11969;7986;88;
1376;13244;4374;3302;
1386;12096;5799;1664;
1395;12275;1285;3327;
1399;11452;7043;2736;
1401;11428;6921;1658;
1402;12175;6865;1744;
1403;12185;7000;2581;
1406;12175;6840;1742;
1408;2359;7431;662;
1409;11891;7391;1142;
1410;10007;1296;3363;
1413;13184;4751;2319;
1420;10087;7207;1136;
1424;10837;4308;1399;
1433;13198;4374;2702;
1447;13198;4302;2672;
1451;11646;7123;1546;
1453;12671;2323;2892;
1457;11861;7514;462;
1466;12120;6957;1429;
1472;10670;1858;2474;
1482;12271;1313;3022;
1485;11928;4001;3225;
1486;10178;4548;3656;
1489;11065;4978;1101;
1491;11338;6160;2036;
1493;12271;1309;2990;
1497;11911;4047;2473;
1499;11928;3966;3234;
1502;11849;8061;294;
1505;11338;6133;2042;
1508;13177;4714;2661;
1514;11368;6417;1470;
1516;11948;7411;165;
1517;10904;4741;244;
1523;10217;2188;2714;
1529;12220;4932;1906;
1542;12115;7151;2430;
1547;11944;4284;3625;
1554;12322;5167;2783;
1555;10089;6457;1127;
1556;12115;7116;2429;
1579;12997;5055;1678;
1581;12696;2179;2118;
1584;12748;2467;741;
1587;11406;2436;1204;
1591;10040;2687;2071;
1592;10121;4553;3956;
1593;11455;7187;2844;
1596;13191;4490;2750;
1602;13204;4153;2742;
1608;13191;4465;2759;
1618;13136;2508;2107;
1621;11504;6803;1029;
1625;11502;6771;1026;
1627;11316;1776;3842;
1630;12062;2319;1966;
1636;10513;2587;284;
1637;11148;7205;328;
1640;12975;5216;1669;
1646;10180;4691;3446;
1654;12185;6996;2592;
1660;7254;3857;3165;
1671;11459;7304;2637;
1674;11901;4545;2375;
1682;10531;3226;1592;
1684;11344;6305;1766;
1688;11635;6855;1273;
1696;11339;6220;1911;
1697;10836;4113;1498;
1700;11946;4404;3817;
1703;11927;3962;3427;
1705;11946;4387;3793;
1712;13223;3910;3399;
1715;11065;4974;1023;
1719;7301;4715;2766;
1731;11343;6320;1605;
1735;12903;7495;554;
1739;12995;4897;2184;
1752;13145;1679;3820;
1756;13242;4310;3633;
1766;13207;4080;2493;
1770;11098;5641;2074;
1775;11201;1967;2717;
1777;11427;6751;1492;
1778;13208;3946;2485;
1780;11621;7273;2522;
1783;11098;5623;2076;
1787;12002;1873;2252;
1789;12453;2678;3490;
1790;11394;1923;2714;
1793;11367;6369;1516;
1795;12907;7452;236;
1800;12258;1825;2276;
1802;12453;2621;3494;
1803;12222;3038;968;
1816;10177;4476;3593;
1832;12420;5511;3964;
1837;11380;6394;1194;
1838;13208;3987;2471;
1841;13175;4832;2719;
1842;10664;3731;3768;
1846;13109;5676;2031;
1849;12675;2312;2607;
1850;12421;7549;1159;
1852;11638;6987;1358;
1853;11393;3936;2451;
1856;13031;6614;1379;
1858;12282;921;3910;
1859;12453;2467;3349;
1860;12996;4971;1821;
1864;11316;1740;3761;
1865;10770;5091;676;
1873;13246;4457;3225;
1879;13250;4592;3391;
1880;12180;6809;2654;
1885;12115;7110;2406;
1890;13251;4618;3428;
1891;12319;5472;2802;
1892;11105;5740;1880;
1898;12115;7103;2424;
1913;10089;6487;1085;
1937;11452;7103;2754;
1941;11458;7294;2605;
1945;11430;6813;1828;
1951;12181;7043;2392;
1959;11352;6804;1807;
1962;11123;2215;2026;
1963;10007;1255;3489;
1966;12181;7024;2397;
1967;12009;7939;125;
1969;11628;7097;945;
1972;12322;5186;2720;
1978;10769;3248;70;
1981;13246;4409;3292;
1982;7307;4313;3298;
1992;7273;6951;2570;
1998;12175;6874;1663;
2000;13021;4025;1459;
2001;12320;5193;2618;
2002;11371;6512;1636;
2004;11352;6829;1763;
2005;11439;6934;2598;
2013;11094;5276;2200;
2022;12164;6797;1167;
2028;10056;2884;1688;
2037;11946;4381;3757;
2043;13204;4151;2715;
2045;13172;4996;2685;
2061;12174;6903;1557;
2064;10508;2772;528;
2066;12945;1945;2327;
2068;11444;7008;2205;
2069;12945;1901;2354;
2070;12275;1268;3291;
2081;10862;4497;235;
2084;10178;4531;3644;
2088;11455;7203;2864;
2100;11347;6433;1265;
2102;10039;2037;2703;
2103;11480;6748;1295;
2104;13172;4998;2768;
2107;12898;7343;162;
2113;2415;4629;2659;
2119;4684;6362;1461;
2130;12225;4993;972;
2131;13242;4310;3653;
2134;13250;4637;3386;
2137;12099;5295;3885;
2146;12115;7086;2439;
2150;11448;7057;2428;
2155;12094;5670;1988;
2163;10484;7527;1125;
2170;12021;7734;1010;
2181;10190;5299;1696;
2182;10943;5793;73;
2183;10121;4506;3941;
2184;10121;4480;3936;
2193;13010;5001;848;
2196;12991;5348;2175;
2203;2415;4600;2617;
2204;12322;5167;2760;
2209;11825;8153;764;
2211;11502;6750;1014;
2212;13186;4609;2364;
2218;11360;6592;1945;
2221;10195;5137;1643;
2223;11362;6550;1923;
2227;11891;7447;1028;
2231;11544;7497;2883;
2233;12997;5076;1646;
2235;2396;2448;276;
2244;12225;5000;901;
2246;10180;4700;3498;
2248;12313;4817;3477;
2250;12313;4796;3471;
2260;11447;7050;2344;
2267;11439;6925;2611;
2268;11420;7276;804;
2269;12185;6979;2616;
2274;11781;7232;1240;
2282;12095;5760;1790;
2292;12264;1613;2572;
2295;10314;1567;2536;
2296;10327;3848;1493;
2306;10202;4122;3045;
2313;13236;4263;3208;
2319;13220;3897;3149;
2320;13191;4527;2716;
2322;11326;5872;1597;
2328;13030;6745;530;
2332;12064;4836;2222;
2334;13192;4410;2734;
2335;12320;5190;2602;
2336;11331;6067;1998;
2339;11458;7281;2564;
2342;12166;6351;1704;
2344;10507;2853;616;
2352;12191;7318;3436;
2355;2372;7530;1534;
2364;10173;4883;3680;
2381;11874;7874;1662;
2384;11356;6820;2024;
2390;11325;5929;1494;
2393;12183;7189;2542;
2399;11448;7019;2533;
2400;10551;8064;434;
2409;13180;4653;2541;
2421;11487;6481;962;
2426;12119;6954;1538;
2429;7273;6961;2548;
2431;12454;2600;3364;
2436;11166;2121;3424;
2441;12148;6774;354;
2444;11408;2352;1312;
2459;13172;4954;2683;
2461;13208;3972;2472;
2462;13172;4922;2692;
2464;7301;4707;2746;
2466;12094;5717;2012;
2469;12164;6716;1208;
2473;11345;6650;1206;
2475;10086;6445;1354;
2476;11393;3942;2469;
2477;12579;599;3815;
2481;11360;6656;2022;
2483;13211;3880;2591;
2485;12541;2817;3396;
2488;10920;5155;514;
2490;4684;6407;1360;
2492;4854;3641;3839;
2497;2417;4380;3214;
2499;4862;4352;3362;
2501;10170;4242;3380;
2505;7307;4314;3222;
2509;13172;4906;2696;
2517;12102;4000;2988;
2519;12181;6954;2399;
2521;12021;7642;1076;
2522;12179;6816;2417;
2527;12162;6984;1306;
2535;11330;6016;1931;
2538;11832;7712;968;
2547;10473;3752;1648;
2552;10908;4880;508;
2555;12313;4812;3476;
2557;10860;4409;552;
2563;10180;4768;3467;
2572;11441;6833;2344;
2576;10910;4936;740;
2581;11919;3955;2783;
2587;4808;7068;932;
2593;11362;6527;1827;
2603;11829;7854;950;
2609;10157;2509;114;
2614;10204;4033;3272;
2615;11928;3987;3255;
2626;11439;6929;2596;
2632;11438;7055;2332;
2634;13185;4705;2328;
2640;12180;6750;2603;
2645;11350;6831;1184;
2654;11997;1472;2768;
2658;11480;6780;1202;
2662;11400;2266;1751;
2665;10173;4827;3798;
2672;12671;2281;2844;
2683;12174;6881;1567;
2690;12241;7844;3308;
2695;12452;2750;3534;
2699;11370;6464;1576;
2701;12183;7232;2560;
2706;12004;1744;2326;
2708;13028;3745;2114;
2711;11998;1420;2824;
2712;11891;7436;1048;
2720;13218;3844;3228;
2724;12322;5162;2802;
2725;2415;4602;2671;
2727;11347;6429;1278;
2728;13172;4985;2782;
2743;11889;7428;1237;
2744;13173;4863;2826;
2746;11621;7272;2503;
2747;12151;7252;174;
2750;10861;4500;185;
2753;11196;2083;2245;
2754;13235;2756;3417;
2755;12505;518;2074;
2767;10486;3179;1142;
2770;11944;4255;3603;
2779;12181;7017;2439;
2781;13218;3861;3196;
2787;11360;6591;1986;
2792;10484;7516;1116;
2804;11361;6536;1998;
2806;12695;2327;2408;
2809;12037;7485;1125;
2812;2410;4867;642;
2820;12888;2252;1538;
2822;10673;2479;851;
2825;12056;4756;3961;
2831;12056;4742;3982;
2842;12420;5630;3883;
2844;12926;633;758;
2847;13186;4601;2380;
2848;13201;4336;2744;
2855;13190;4541;2629;
2857;11825;8109;729;
2859;7272;7409;1021;
2864;11555;7387;3444;
2873;7272;7328;1012;
2874;11148;7244;216;
2881;10906;4802;354;
2887;10180;4751;3470;
2892;7301;4722;2776;
2893;12178;6845;2277;
2896;13201;4346;2734;
2897;12313;4816;3522;
2900;12180;6775;2621;
2901;11767;7363;1718;
2902;12180;6753;2592;
2903;11624;7353;831;
2904;11439;6928;2630;
2907;11441;6831;2295;
2909;11901;4467;2327;
2910;13201;4282;2717;
2918;11420;7281;846;
2919;11439;6856;2624;
2920;11635;6869;1270;
2923;13195;4445;2330;
2927;11069;5081;1338;
2931;11635;6832;1257;
2933;10173;4839;3782;
2937;13231;4094;3017;
2947;13230;4048;3013;
2952;12183;7244;2575;
2958;12096;5815;1612;
2961;11428;6893;1637;
2963;11327;5894;1682;
2964;12183;7222;2572;
2968;11442;6830;2228;
2972;11579;7713;3594;
2976;11106;5779;1719;
2978;10508;2752;604;
2985;10906;4764;276;
2986;4862;4313;3448;
2993;10323;6729;2060;
3001;13247;4462;3323;
3002;11646;7111;1525;
3011;12180;6841;2635;
3014;4818;1013;3841;
3016;12183;7200;2527;
3025;10180;4681;3493;
3028;10218;2086;2748;
3033;11439;6860;2546;
3035;4726;2661;3778;
3038;11205;2667;446;
3039;12453;2515;3407;
3041;11437;6980;2163;
3043;10218;2065;2740;
3046;12174;6903;1527;
3049;11439;6839;2558;
3050;11626;7466;975;
3069;13245;4391;3265;
3074;2415;4602;2632;
3078;12667;2339;3030;
3080;11345;6645;1204;
3082;12672;2269;2826;
3097;4684;6393;1374;
3098;11623;7262;2466;
3103;10166;3587;3803;
3104;12204;2190;3268;
3111;11426;6743;1394;
3112;10193;4355;803;
3114;13027;3714;1919;
3116;10204;3983;3314;
3117;13236;4294;3196;
3118;12703;2694;2206;
3123;10204;3992;3332;
3126;13236;4278;3186;
3127;12541;2800;3358;
3132;13021;4083;1483;
3133;11361;6482;1901;
3138;4862;4337;3408;
3139;11331;6053;1977;
3141;12701;2502;2356;
3146;13180;4666;2468;
3150;13174;4941;2867;
3155;11331;6044;1950;
3157;12700;2467;2328;
3160;11345;6617;1086;
3163;13186;4637;2470;
3172;10487;3171;1098;
3174;10180;4765;3472;
3181;4863;4512;3217;
3183;4863;4484;3237;
3188;12704;2617;2313;
3191;11919;4014;2775;
3198;11439;6843;2610;
3203;12668;2351;2948;
3204;11500;2270;2022;
3205;4834;2211;2652;
3206;10536;3844;2253;
3220;11969;8027;146;
3221;11394;1875;2662;
3223;12009;7959;141;
3227;11928;3971;3264;
3236;11928;3958;3264;
3239;11946;4444;3869;
3241;13213;3882;2709;
3243;12178;6838;2258;
3247;12166;6419;1671;
3255;10507;2906;738;
3261;12166;6415;1682;
3262;13173;4948;2816;
3269;10087;7124;1088;
3273;11901;4534;2309;
3277;12396;2014;1673;
3279;11633;7004;1196;
3293;11458;7280;2536;
3296;12666;2479;3150;
3299;12185;7013;2553;
3305;13172;4975;2796;
3306;11367;6359;1550;
3310;11367;6337;1588;
3320;11452;7033;2722;
3332;13246;4404;3274;
3333;11021;4089;3102;
3348;13176;4844;2823;
3355;11851;8124;306;
3356;12666;2443;3137;
3358;11360;6665;2036;
3359;12453;2507;3416;
3360;11356;6840;2070;
3361;13191;4522;2679;
3363;11346;6567;1270;
3364;13176;4742;2836;
3366;12672;2234;2732;
3368;11479;6717;1481;
3370;11849;8068;317;
3371;13144;8067;392;
3375;11358;6809;2066;
3379;10640;3076;996;
3382;11944;4241;3584;
3389;10328;4186;1502;
3392;11702;4179;3106;
3399;10328;4204;1482;
3400;12672;2240;2788;
3401;12319;5414;2797;
3403;11361;6518;1986;
3407;11891;7468;1108;
3411;12165;6485;1154;
3413;11623;7244;2474;
3415;12319;5407;2798;
3417;12319;5484;2893;
3446;11970;4396;2573;
3452;11340;6230;1866;
3454;11825;8132;718;
3457;11909;4137;2708;
3459;11632;6883;1033;
3460;11901;4535;2353;
3464;11328;5939;1824;
3468;10858;1538;622;
3469;7301;4731;2799;
3473;11504;6825;1034;
3483;10864;4435;396;
3494;13254;4575;3500;
3504;11441;6820;2303;
3512;11352;6807;1786;
3520;11350;6811;1208;
3525;12322;5204;2678;
3526;10838;4305;1305;
3528;11363;6555;1773;
3532;10837;4284;1448;
3535;11382;6348;1284;
3539;10528;3161;1649;
3545;12099;5456;3911;
3553;7241;4207;3129;
3556;12991;5354;2145;
3560;12172;6750;1570;
3562;12185;7005;2570;
3572;11909;4128;2698;
3576;10088;6892;1710;
3582;12903;7475;582;
3584;7296;5537;2130;
3588;13018;4358;1134;
3590;12175;6828;1742;
3593;12990;5454;2130;
3598;13246;4436;3298;
3611;10170;4215;3448;
3612;13254;4607;3472;
3613;13231;4118;3061;
3615;13244;4375;3318;
3616;13193;4659;3717;
3619;10204;4019;3370;
3621;13174;4967;2915;
3625;13254;4541;3484;
3627;13231;4084;3010;
3632;12180;6770;2571;
3636;13174;4913;2907;
3637;11358;6826;2105;
3640;12174;6856;1522;
3642;11403;2486;968;
3644;12106;6337;1534;
3646;11850;8127;352;
3651;11442;6790;2152;
3656;11418;6964;837;
3658;13139;4385;1023;
3660;11205;2703;444;
3663;12991;5360;2119;
3666;11944;4273;3612;
3674;13245;4359;3264;
3675;13173;4794;2697;
3676;10178;4601;3647;
3683;11483;6593;1210;
3684;11623;7253;2486;
3686;10086;6430;1392;
3688;12583;422;3720;
3693;11166;2097;3338;
3694;11453;7264;2718;
3696;11347;6483;1210;
3701;4684;6383;1392;
3705;12696;2187;2190;
3706;11166;2019;3340;
3711;10169;4247;3174;
3715;4862;4278;3400;
3721;13174;4880;2892;
3730;11976;4622;2473;
3731;13175;4800;2701;
3734;13174;4856;2886;
3739;11484;6546;1087;
3741;11159;6947;318;
3743;11484;6525;1102;
3750;11361;6579;1960;
3761;12313;4763;3519;
3763;11166;2157;3333;
3764;11946;4476;3900;
3765;13246;4441;3213;
3770;13136;2502;2136;
3771;12180;6759;2621;
3775;13246;4420;3248;
3779;11868;3986;3082;
3782;7227;6266;1830;
3783;12180;6787;2545;
3785;12668;2339;2939;
3793;11501;6820;986;
3799;7227;6234;1816;
3808;11626;7489;968;
3811;10837;4271;1458;
3816;11137;2785;1921;
3818;10157;2467;153;
3822;13223;3930;3272;
3829;7306;4224;3492;
3832;13222;3895;3270;
3833;12166;6348;1680;
3834;13173;4931;2828;
3837;13250;4628;3337;
3838;12457;2469;3175;
3843;13172;4963;2808;
3849;13173;4898;2838;
3859;4848;3224;4003;
3860;11901;4477;2322;
3863;11412;2297;1456;
3870;10537;3780;2193;
3873;10180;4681;3450;
3874;13020;4244;1452;
3876;13193;4631;3756;
3883;12183;7220;2543;
3885;12666;2418;3130;
3890;13176;4844;2842;
3894;13176;4832;2850;
3895;11325;5929;1554;
3896;12183;7183;2521;
3898;7273;6957;2565;
3899;12666;2430;3135;
3905;12064;4847;2192;
3906;12209;2268;3530;
3910;11324;5895;1520;
3912;11439;6925;2575;
3930;13242;4343;3691;
3933;10040;2679;2127;
3934;11929;4003;3119;
3939;11347;6432;1290;
3947;13191;4445;2702;
3949;11166;2166;3347;
3950;11358;6774;2112;
3952;10217;2166;2728;
3955;11368;6408;1481;
3956;12182;7171;2494;
3957;12152;7445;180;
3958;12666;2410;3119;
3964;11166;2057;3351;
3965;11357;6756;2094;
3967;10218;2031;2726;
3968;11403;2483;922;
3971;12898;7364;138;
3975;11091;5366;1900;
3977;11420;7267;773;
3978;10184;4500;3478;
3982;12199;4865;3600;
3983;10170;4265;3384;
3993;13211;3883;2561;
3999;13172;5012;2760;
4000;11380;6381;1216;
4003;11623;7225;2464;
4007;12667;2337;2987;
4015;11485;6420;1160;
4019;12321;5281;2754;
4025;10264;2858;3426;
4030;10121;4615;3981;
4046;12926;668;732;
4049;13195;4430;2356;
4055;11970;4426;2654;
4059;13200;4288;2620;
4063;11503;6717;1026;
4077;11503;6694;1041;
4089;10177;4470;3518;
4093;10171;4560;3311;
4108;4808;7049;840;
4111;10007;1302;3419;
4122;7227;6303;1794;
4124;11625;7323;859;
4126;11636;7104;1232;
4127;12277;1257;3420;
4136;12754;2324;1843;
4138;4769;7062;1272;
4139;4834;2231;2584;
4140;13193;4657;3734;
4144;10173;4947;3667;
4146;13234;4179;3121;
4156;10476;3991;1472;
4157;10203;4094;3142;
4164;11909;4108;2690;
4166;11366;6463;1620;
4169;7273;6943;2570;
4187;12148;6769;297;
4189;12990;5411;2135;
4191;11094;5217;2164;
4197;11196;2131;2251;
4200;13257;1957;4018;
4205;12166;6379;1703;
4212;7305;3994;3388;
4216;13174;4938;2850;
4219;10184;4505;3456;
4220;13230;4050;3000;
4222;11937;4268;3284;
4232;10177;4484;3495;
4238;11849;8076;352;
4246;12221;4972;1984;
4250;11511;6954;801;
4254;12907;7459;258;
4256;11205;2669;447;
4260;11095;5271;2081;
4262;10984;5220;844;
4263;12320;5226;2538;
4267;7255;4036;3513;
4271;7307;4321;3247;
4273;10177;4508;3628;
4274;13175;4815;2711;
4278;11970;4409;2678;
4281;12703;2688;2159;
4282;11347;6458;1215;
4283;13231;4080;3008;
4285;7301;4705;2738;
4286;13233;2659;3272;
4288;13174;4869;2883;
4292;11452;7026;2689;
4295;7287;2256;2636;
4298;11426;6739;1406;
4300;4817;799;3958;
4301;12456;2586;3232;
4312;11478;6643;1391;
4313;11997;1516;2759;
4314;12677;2258;2576;
4315;11997;1479;2728;
4317;12188;7275;3088;
4320;11929;4009;3131;
4325;13204;4174;2779;
4326;10170;4223;3394;
4328;11934;4070;3186;
4337;13204;4160;2769;
4338;10204;3998;3335;
4343;10089;6486;1103;
4350;13176;4796;2906;
4351;11361;6502;1978;
4357;12148;6774;323;
4358;11200;2214;2491;
4359;12061;8005;1400;
4366;12787;2351;2027;
4370;12695;2182;2458;
4371;10911;5078;504;
4373;13241;4426;3902;
4380;2417;4394;3200;
4382;12313;4784;3478;
4392;2417;4399;3190;
4393;7281;1213;3521;
4399;13174;4924;2846;
4406;11459;7300;2658;
4408;10007;1248;3520;
4409;10314;1639;2536;
4412;11554;7260;3366;
4422;11969;7999;118;
4424;11514;6908;980;
4430;11865;7373;22;
4435;11913;3885;2674;
4439;13202;4314;2796;
4444;13173;4879;2834;
4446;13176;4762;2869;
4448;13182;4854;2516;
4449;12666;2464;3154;
4450;13249;4567;3333;
4454;12277;1258;3388;
4456;10227;2586;4070;
4463;13181;4766;2510;
4465;11106;5769;1766;
4467;10640;3061;982;
4468;11642;7143;1198;
4470;11394;1868;2562;
4476;11067;5012;1236;
4479;11635;6856;1187;
4486;13193;4562;3710;
4494;11448;7017;2512;
4507;11324;5855;1575;
4510;11439;6815;2564;
4516;11096;5433;2010;
4518;11444;7026;2230;
4519;11166;2081;3435;
4523;12096;5823;1582;
4525;13018;4361;1114;
4528;12903;7505;488;
4529;12990;5377;2080;
4530;12225;4981;997;
4534;10485;3195;1288;
4538;13242;4342;3666;
4544;12312;4899;3554;
4550;11970;4399;2688;
4558;11632;6921;1019;
4563;11166;1999;3343;
4565;13201;4284;2687;
4566;11201;2010;2706;
4567;11635;6818;1321;
4569;11427;6781;1466;
4573;11479;6705;1457;
4579;12446;2102;3736;
4581;11565;7343;3059;
4587;10863;4468;332;
4590;10204;3995;3320;
4597;10204;3939;3303;
4598;13250;4618;3414;
4600;10183;4473;3414;
4601;7301;4732;2814;
4609;11702;4168;3089;
4612;11338;6172;2004;
4617;11893;7668;999;
4619;12182;7165;2481;
4620;12666;2433;3120;
4621;7241;4218;3145;
4622;7274;7996;3316;
4628;12456;2635;3295;
4629;11338;6116;2020;
4633;10240;2393;2479;
4634;12037;7513;1139;
4643;12456;2600;3298;
4645;11166;1993;3349;
4650;10912;5078;621;
4651;10121;4580;3976;
4659;10121;4543;3947;
4660;11820;8147;1024;
4661;11820;8133;1048;
4662;13172;5024;2744;
4670;12438;498;1354;
4671;12659;46;2228;
4674;11909;4144;2632;
4676;11786;159;860;
4682;12869;151;1213;
4683;12878;445;1420;
4692;11845;7865;580;
4694;11832;7680;978;
4696;11719;7859;1926;
4697;12245;7763;1664;
4699;12245;7834;1667;
4701;7272;7401;1040;
4712;11875;7964;1576;
4714;12763;3278;1444;
4719;12244;7885;1589;
4724;11809;7985;1494;
4728;10183;4495;3345;
4730;11946;4460;3876;
4731;12017;7874;1282;
4732;11552;7423;2823;
4738;10183;4454;3348;
4740;11946;4433;3855;
4741;12246;7767;1436;
4742;11881;7568;1476;
4745;13174;4969;2927;
4754;11883;7463;1526;
4755;11885;7376;1511;
4757;11328;5901;1766;
4759;11419;7185;816;
4765;11438;7065;2350;
4767;11774;7241;1606;
4768;11774;7213;1600;
4772;12181;7046;2379;
4775;12320;5295;2648;
4778;12157;7162;840;
4780;11382;6340;1298;
4782;11758;7578;2085;
4784;11671;7309;2107;
4785;11642;7110;1278;
4789;11139;2257;1629;
4790;12322;5194;2702;
4793;11767;7379;1756;
4794;11810;8004;1364;
4797;13257;1930;3880;
4802;13151;2548;3841;
4806;11814;8049;1254;
4807;11270;5774;1027;
4816;10928;5334;620;
4819;10721;3958;784;
4822;13174;4975;2922;
4832;10463;3533;1793;
4833;10577;3732;1144;
4846;13216;4056;2883;
4847;10248;2656;2825;
4849;12703;2694;2183;
4850;4726;2729;3654;
4856;12166;6375;1725;
4859;10507;2898;712;
4867;12064;4880;2220;
4868;2415;4671;2680;
4872;12096;5808;1634;
4877;4858;4360;2813;
4883;12064;4822;2249;
4884;11166;2057;3414;
4887;12172;6768;1599;
4889;12166;6355;1728;
4891;11408;2330;1363;
4893;11344;6323;1704;
4895;10508;2742;630;
4904;12995;4915;2150;
4906;2415;4676;2625;
4907;10008;692;3995;
4908;13223;3937;3386;
4914;13174;4954;2900;
4915;13223;3932;3370;
4918;12209;2244;3560;
4919;7273;6964;2531;
4920;11928;4000;3234;
4923;13109;5657;2040;
4925;7241;4209;3154;
4926;13140;2220;3314;
4928;13176;4803;2926;
4932;10452;2351;3236;
4934;12179;6825;2530;
4937;4858;4381;2788;
4961;13236;4282;3232;
4964;11918;3952;2782;
4969;13176;4822;2900;
4971;11970;4417;2674;
4974;11905;4273;2633;
4977;11918;3931;2782;
4978;12421;7540;1186;
4979;12102;4005;2990;
4982;12456;2558;3276;
4984;12218;524;3879;
4985;12457;2518;3260;
4992;12034;7376;1162;
4995;12182;7113;2481;
5000;10008;636;3968;
5004;11576;7671;3399;
5007;10673;2481;883;
5017;13174;4957;2877;
5023;13215;3997;2777;
5024;13223;3948;3335;
5039;11892;7601;1091;
5040;11977;4569;2385;
5053;12701;2468;2381;
5056;11832;7701;968;
5066;10672;2468;616;
5068;7307;4325;3205;
5069;10177;4469;3538;
5077;13236;4301;3186;
5080;13176;4848;2873;
5081;13250;4609;3338;
5086;13182;4896;2508;
5088;11449;7260;2653;
5092;13186;4561;2385;
5095;12063;4717;2714;
5096;13176;4813;2884;
5101;11434;6862;1844;
5103;12185;6975;2638;
5107;11512;6886;972;
5108;13186;4627;2357;
5110;4835;2758;155;
5112;11501;6794;991;
5121;11205;2610;392;
5130;2417;4425;3207;
5136;13247;4447;3314;
5137;12199;4893;3573;
5139;12666;2460;3152;
5144;2417;4413;3193;
5146;13176;4752;2860;
5147;11655;6928;1680;
5150;11365;6550;1658;
5152;10088;6841;1764;
5153;13178;4704;2548;
5157;12064;4876;2269;
5163;12181;7046;2370;
5166;13019;4317;1206;
5167;11352;6812;1773;
5169;11835;7405;702;
5172;12034;7328;1194;
5195;12119;6945;1573;
5196;7273;6954;2523;
5199;7287;2264;2609;
5202;11442;6809;2194;
5204;12672;2246;2812;
5211;11428;6915;1569;
5222;11397;1951;3692;
5227;11029;6755;436;
5236;13010;4985;780;
5242;10940;4868;3584;
5249;11909;4091;2666;
5253;11394;1869;2602;
5254;4684;6409;1314;
5256;11427;6759;1474;
5257;12179;6813;2514;
5260;12319;5456;2904;
5269;12224;5136;790;
5272;11851;8138;314;
5275;10518;8090;392;
5278;10770;4956;752;
5284;13229;4066;3093;
5285;13223;3929;3340;
5291;12666;2396;3102;
5294;13229;4040;3094;
5295;11453;7267;2679;
5299;11974;4879;2387;
5302;11891;7391;1126;
5303;13199;4335;2400;
5304;12182;7146;2487;
5305;12666;2399;3087;
5307;11331;6079;2012;
5308;12185;7001;2658;
5313;10240;2361;2410;
5316;12164;6710;1186;
5318;12115;7156;2449;
5324;13024;3739;1675;
5325;12449;2329;3925;
5336;12056;4753;3987;
5337;12831;2012;2341;
5338;11409;2397;1230;
5340;12056;4727;4013;
5350;12914;3875;2381;
5356;11362;6500;1864;
5360;11845;7853;592;
5363;11845;7839;602;
5365;2415;4595;2668;
5366;12115;7137;2426;
5368;12667;2373;3083;
5372;11361;6569;1941;
5374;10836;4169;1513;
5376;11361;6483;1932;
5380;10087;7164;1159;
5384;12319;5452;2791;
5392;12099;5303;4048;
5398;13174;4959;2922;
5403;10177;4475;3560;
5404;13216;4064;2856;
5405;13182;4834;2505;
5408;13174;4942;2919;
5409;12064;4874;2271;
5415;12181;7031;2390;
5419;10088;6844;1814;
5420;13181;4813;2514;
5422;13182;4902;2532;
5425;13182;4891;2528;
5426;12162;6981;1249;
5429;11441;6841;2336;
5434;11428;6912;1657;
5435;13031;6609;1335;
5439;4684;6383;1347;
5442;10875;1638;3717;
5451;13216;4069;2835;
5456;10180;4665;3488;
5463;11946;4433;3819;
5465;11929;3974;3128;
5467;2415;4633;2682;
5470;10452;2349;3221;
5476;13179;4743;2519;
5477;4858;4427;2812;
5484;10452;2278;3226;
5485;11371;6492;1618;
5490;12044;6204;1555;
5491;13179;4732;2530;
5494;13202;4290;2813;
5496;11438;7057;2293;
5499;12064;4858;2156;
5503;4698;285;3625;
5508;13030;6732;568;
5519;10203;4078;3124;
5521;13216;4071;2838;
5525;11928;3936;3250;
5532;11919;4051;2799;
5534;10452;2268;3212;
5536;12180;6841;2533;
5539;12180;6787;2544;
5544;12463;595;2030;
5548;12209;2213;3612;
5553;12174;6899;1538;
5556;13181;4822;2452;
5557;11029;6761;397;
5558;12187;7270;3012;
5559;11196;2076;2296;
5560;7296;5588;2137;
5561;12831;1997;2334;
5568;10509;2734;450;
5569;12099;5377;3900;
5570;12995;4928;2113;
5572;11928;3999;3204;
5576;13176;4800;2926;
5578;13206;4078;2641;
5580;11918;3916;2781;
5582;13217;3987;2982;
5583;11928;3924;3220;
5586;11448;7002;2468;
5592;13206;4077;2612;
5595;12034;7363;1174;
5598;11480;6722;1233;
5600;11478;6662;1417;
5602;12286;380;4035;
5606;11338;6131;2060;
5615;11369;6428;1414;
5617;4817;681;3922;
5619;10874;4553;162;
5624;11928;3997;3195;
5628;13215;3899;2789;
5629;13221;3972;3181;
5634;13176;4809;2911;
5638;13215;3965;2778;
5640;12457;2483;3218;
5642;13199;4381;2389;
5644;11891;7417;1086;
5645;13199;4355;2390;
5647;11393;3927;2429;
5650;11428;6902;1602;
5654;11198;2442;2376;
5660;12164;6796;1143;
5663;11623;7235;2464;
5667;11339;6179;1974;
5671;11150;7139;326;
5677;10212;2396;2089;
5678;2410;4881;596;
5682;13236;4295;3180;
5686;13176;4780;2896;
5688;13182;4864;2528;
5691;13213;3884;2731;
5694;13236;4240;3181;
5697;12153;7502;364;
5700;11459;7291;2744;
5703;12162;6921;1242;
5707;12457;2475;3200;
5713;11891;7501;994;
5715;13202;4256;2792;
5718;12186;7302;2828;
5719;11430;6816;1847;
5721;11439;6922;2634;
5726;12009;7978;163;
5732;12997;5105;1635;
5734;11865;7391;32;
5737;10328;4183;1505;
5743;12313;4775;3496;
5749;11365;6534;1644;
5751;11900;4123;3057;
5752;2415;4618;2593;
5757;12064;4832;2256;
5758;2417;4356;3211;
5767;11364;6560;1736;
5768;13180;4620;2570;
5773;10504;2943;774;
5774;11781;7300;1208;
5776;12420;5609;4008;
5785;11074;5211;1544;
5798;4862;4322;3469;
5803;11439;6842;2536;
5808;10180;4720;3451;
5810;13211;3873;2603;
5813;11371;6479;1588;
5814;12180;6801;2545;
5818;10508;2768;553;
5823;11316;1766;3790;
5827;11367;6350;1579;
5829;13182;4897;2480;
5830;12448;2329;3721;
5843;12199;4877;3620;
5847;11913;3884;2690;
5855;12234;6896;1329;
5859;12666;2399;3114;
5866;11338;6140;2055;
5871;11635;6879;1316;
5876;7287;2250;2660;
5878;12152;7446;209;
5884;12193;8000;3698;
5887;12106;6361;1481;
5895;11065;4972;1036;
5901;13229;4028;3092;
5912;11868;3999;3090;
5915;11406;2486;1143;
5916;12094;5737;2021;
5918;12695;2286;2439;
5919;2415;4694;2632;
5921;11481;6684;1183;
5922;12914;3904;2411;
5924;11448;7019;2482;
5930;10426;2694;2030;
5932;12094;5729;2023;
5935;2415;4675;2638;
5939;12181;6989;2460;
5940;10859;4368;684;
5944;11138;2604;2060;
5950;10223;4656;3987;
5951;11997;1505;2687;
5952;10210;2456;2078;
5953;12313;4825;3487;
5961;4863;4502;3226;
5969;11845;7824;620;
5972;12115;7087;2405;
5979;7227;6282;1858;
5984;11843;7812;636;
5986;12021;7695;1042;
5987;12115;7065;2402;
5992;2283;1174;3628;
6000;7272;7379;1052;
6001;11148;7222;253;
6016;13244;4310;3322;
6021;12064;4822;2284;
6024;11919;4056;2838;
6026;10452;2345;3248;
6028;13181;4776;2532;
6031;11429;6871;1617;
6033;11625;7317;893;
6042;11166;2160;3368;
6045;11069;5104;1362;
6046;11363;6547;1794;
6048;12157;7158;850;
6050;11382;6329;1324;
6062;12162;6975;1282;
6071;11384;6326;1346;
6075;10528;3144;1643;
6077;10836;4141;1508;
6080;13193;4595;3760;
6081;7254;3853;3131;
6082;11906;4240;2774;
6088;4858;4365;2802;
6091;7254;3844;3147;
6097;11858;2225;3220;
6098;11366;6455;1628;
6100;13188;4575;2581;
6102;12454;2613;3412;
6103;13202;4273;2811;
6108;12001;2159;2058;
6109;10670;1862;2519;
6114;12321;5209;2658;
6115;11366;6443;1635;
6118;13188;4566;2566;
6125;10537;3817;2225;
6128;10180;4707;3444;
6138;11926;3873;3239;
6142;13214;3904;2787;
6143;4862;4324;3445;
6144;13176;4835;2883;
6150;13202;4307;2802;
6151;12465;553;2052;
6152;11929;4010;3129;
6154;13214;3891;2774;
6160;11858;2209;3202;
6161;12174;6883;1542;
6164;11976;4599;2528;
6166;12198;7561;3006;
6167;11356;6834;2044;
6171;12945;1933;2328;
6173;12188;7285;3138;
6177;12174;6863;1542;
6180;13188;4572;2544;
6184;12995;4886;2075;
6185;11561;7220;3182;
6189;10486;3192;1188;
6197;12312;4903;3523;
6199;12703;2726;2159;
6205;13251;4644;3447;
6209;11346;6580;1251;
6211;7273;6957;2502;
6214;13192;4438;2791;
6216;11331;6092;2012;
6223;12165;6493;1210;
6226;12179;6799;2492;
6227;2382;484;3884;
6231;11865;7403;75;
6233;12996;5039;1868;
6237;11510;6880;713;
6239;4684;6371;1414;
6240;10910;4917;726;
6242;12220;4964;1864;
6243;11581;7849;3568;
6248;12313;4829;3500;
6254;13230;4054;2985;
6256;13230;4045;2983;
6261;11431;6816;1869;
6267;2415;4695;2608;
6270;11484;6505;1106;
6273;11623;7183;2460;
6284;13038;7056;359;
6286;10089;6470;1128;
6289;12182;7152;2480;
6297;11159;6980;340;
6302;12219;5225;1782;
6308;10169;4195;3171;
6313;13181;4804;2522;
6317;11439;6909;2642;
6319;12554;2935;3970;
6320;11921;4023;2946;
6327;13181;4791;2530;
6332;11439;6881;2642;
6336;11626;7447;979;
6337;11901;4540;2330;
6348;11865;7361;47;
6350;11514;6918;996;
6351;10513;2577;234;
6359;7307;4336;3200;
6360;12099;5439;3891;
6362;11929;3952;3075;
6365;13244;4361;3338;
6377;13188;4551;2582;
6379;10170;4283;3331;
6381;13190;4489;2658;
6382;10485;3197;1246;
6384;10906;4818;378;
6390;12100;6454;1706;
6397;11835;7377;724;
6401;11560;7152;3246;
6405;12888;2272;1514;
6408;11642;7167;1207;
6412;13251;4647;3478;
6413;10171;4560;3290;
6425;12180;6779;2554;
6427;10171;4564;3262;
6430;11974;4847;2463;
6432;12057;5193;3857;
6435;12667;2353;3033;
6438;12166;6334;1630;
6443;13179;4711;2501;
6453;7296;5507;2124;
6460;12221;4909;2024;
6462;11094;5229;2116;
6464;10359;3466;2597;
6467;10173;4873;3690;
6489;12173;6925;1488;
6496;12995;4871;2122;
6499;11635;6844;1320;
6503;12174;6830;1482;
6511;4723;1948;2258;
6513;10642;2982;916;
6514;10842;4393;964;
6519;10487;3155;1066;
6525;10180;4752;3481;
6528;13216;4040;2905;
6531;4862;4287;3408;
6534;11623;7182;2436;
6540;12181;6960;2446;
6543;11397;1930;3642;
6547;2415;4592;2656;
6550;11623;7174;2432;
6553;11380;6404;1182;
6555;12179;6790;2476;
6565;11404;2105;2138;
6572;10212;2393;2083;
6577;10121;4605;3980;
6580;12313;4787;3544;
6583;10121;4522;3981;
6584;11702;4184;3136;
6589;13236;4287;3208;
6596;11702;4171;3098;
6598;11844;7924;677;
6601;11448;7053;2418;
6603;13236;4264;3180;
6604;10207;2060;2431;
6605;7272;7343;1060;
6606;11441;6838;2355;
6615;10554;7873;801;
6619;12732;3281;1562;
6620;7272;7322;1039;
6624;12322;5176;2743;
6625;10473;3771;1618;
6627;11339;6209;1941;
6628;11136;2754;1968;
6630;12763;3235;1386;
6631;4722;2449;474;
6635;10170;4281;3311;
6637;12199;4892;3590;
6639;12056;4833;3930;
6649;13178;4714;2537;
6650;13250;4636;3345;
6663;13178;4692;2526;
6667;12277;1249;3448;
6670;4684;6371;1352;
6676;10531;3210;1614;
6680;4808;7057;887;
6683;12157;7167;879;
6685;4858;4402;2839;
6692;11328;5899;1788;
6693;13188;4569;2588;
6694;10056;2960;1661;
6700;4684;6353;1375;
6712;4684;6337;1400;
6725;11858;2227;3243;
6732;12289;1264;3234;
6735;13191;4524;2694;
6737;13145;1651;3808;
6738;11326;5880;1622;
6742;12175;6881;1722;
6744;10508;2753;648;
6753;11404;2071;2166;
6758;12175;6857;1734;
6764;12262;1686;2448;
6771;11915;3879;2753;
6776;11946;4370;3729;
6778;11929;3995;3120;
6780;12001;2148;2066;
6781;11356;6810;2044;
6783;11929;3960;3130;
6793;11850;8101;367;
6794;13197;4448;2601;
6797;11357;6745;2074;
6799;12177;6847;2111;
6805;12267;1433;2792;
6806;11325;5939;1525;
6809;11902;4326;2520;
6812;12004;1776;2308;
6813;11442;6793;2169;
6816;10536;3852;2265;
6822;10551;8044;464;
6825;10545;3715;2045;
6828;13218;3843;3211;
6832;10183;4491;3428;
6840;12057;5162;3815;
6843;11567;7318;2904;
6856;11426;6748;1422;
6858;11865;7350;75;
6868;7287;2244;2690;
6869;10922;5179;616;
6873;12013;8040;170;
6874;12319;5485;2906;
6876;11567;7331;3010;
6881;13218;3855;3181;
6882;12059;4998;3712;
6885;13230;4024;2981;
6894;13213;3884;2748;
6896;12542;2351;3641;
6902;12115;7138;2455;
6904;11329;5973;1870;
6906;12094;5743;2001;
6910;11892;7593;1106;
6911;12115;7155;2415;
6914;11891;7492;1102;
6917;12182;7124;2481;
6921;12094;5705;1978;
6924;10195;5168;1750;
6934;10672;2467;668;
6938;10169;4239;3173;
6947;11921;4010;2953;
6948;7241;4212;3154;
6950;13255;4572;3548;
6959;11439;6867;2632;
6963;13195;4436;2338;
6964;13175;4788;2689;
6966;11632;6896;1001;
6974;12180;6792;2642;
6977;11406;2463;1172;
6982;11891;7480;988;
6990;11956;7994;187;
6991;12992;5195;2305;
6996;10204;4030;3288;
7000;13236;4300;3181;
7003;12059;4946;3704;
7008;13207;4060;2558;
7012;11447;7040;2338;
7018;12063;4758;2676;
7020;11343;6320;1639;
7023;10504;2961;800;
7026;11441;6823;2291;
7027;12159;7097;1196;
7039;11636;7033;1194;
7044;10476;3960;1467;
7045;11946;4380;3764;
7048;13251;4623;3471;
7050;13247;4453;3328;
7058;13254;4586;3492;
7061;10845;4348;733;
7066;11326;5900;1583;
7069;13180;4601;2557;
7071;12454;2576;3403;
7073;12667;2326;3033;
7088;10508;2744;591;
7106;13136;2559;2077;
7107;13216;4055;2893;
7124;11358;6817;2087;
7126;10217;2137;2734;
7127;11480;6771;1318;
7133;12453;2486;3365;
7134;13109;5679;2050;
7136;11205;2608;362;
7137;12453;2467;3360;
7142;10218;2034;2739;
7144;11479;6733;1504;
7149;13144;8063;418;
7151;11572;7584;3125;
7163;12312;4893;3515;
7165;12115;7104;2440;
7169;10177;4496;3616;
7178;13190;4528;2654;
7179;12421;7531;1142;
7184;13140;2256;3298;
7185;12014;7754;960;
7190;11360;6640;2010;
7193;13191;4465;2690;
7201;12057;5202;3916;
7202;12996;5065;1742;
7210;10121;4529;3952;
7215;12056;4716;4007;
7221;11702;4151;3087;
7228;10554;7900;790;
7231;11441;6824;2386;
7233;11934;4061;3210;
7236;11328;5952;1850;
7237;11868;4011;3086;
7248;12677;2352;2547;
7265;11413;2470;340;
7266;11892;7619;1076;
7267;11316;1731;3778;
7282;11928;3990;3270;
7288;10452;2331;3238;
7290;13223;3958;3281;
7291;13250;4618;3332;
7297;13184;4730;2322;
7299;10452;2312;3238;
7302;13140;2235;3268;
7304;13188;4602;2573;
7308;4858;4420;2833;
7310;10421;2649;2320;
7315;12991;5377;2166;
7316;10452;2294;3234;
7320;13249;4513;3371;
7322;13190;4469;2619;
7324;10183;4454;3374;
7331;7306;4233;3532;
7332;13140;2253;3258;
7334;11459;7319;2732;
7338;11702;4181;3107;
7339;4808;7069;913;
7342;10007;1295;3440;
7345;13183;4874;2371;
7346;13211;3885;2586;
7348;11627;7135;926;
7351;11459;7302;2746;
7353;11139;2267;1674;
7355;11434;6856;1828;
7357;11420;7283;892;
7358;12106;6313;1424;
7359;10007;1234;3487;
7361;11384;6282;1410;
7367;11568;7367;2794;
7368;10474;3809;1532;
7372;10430;2889;1900;
7374;12992;5217;2294;
7382;13191;4443;2710;
7385;12204;2175;3233;
7392;13207;4052;2555;
7398;13191;4424;2721;
7400;11397;1952;3643;
7402;11441;6838;2318;
7405;11429;6852;1649;
7406;11999;1271;3080;
7408;12175;6854;1665;
7414;11496;6653;1038;
7416;12262;1673;2484;
7423;11364;6564;1712;
7437;12703;2686;2257;
7439;4723;1929;2268;
7440;11166;2022;3380;
7455;10452;2339;3213;
7456;7305;3970;3390;
7457;11166;2118;3335;
7462;13182;4897;2456;
7466;13230;4035;2983;
7471;12063;4743;2663;
7480;11287;5830;1562;
7483;11905;4278;2535;
7484;11861;7507;404;
7490;10670;1866;2434;
7492;4808;7015;838;
7493;12320;5203;2554;
7498;12313;4820;3517;
7503;12312;4881;3572;
7507;10940;4865;3546;
7512;10452;2281;3226;
7516;12034;7351;1180;
7521;13202;4316;2785;
7525;10452;2314;3212;
7533;11478;6681;1441;
7535;12013;8048;190;
7537;13231;4066;3012;
7542;12319;5403;2836;
7550;10086;6433;1376;
7552;12013;8081;226;
7561;13202;4252;2788;
7564;12313;4779;3546;
7574;12115;7129;2408;
7590;11891;7437;1100;
7591;11448;7075;2426;
7594;12182;7094;2475;
7600;13190;4535;2644;
7603;12463;640;1974;
7605;11198;2424;2427;
7606;11459;7289;2689;
7612;7273;6957;2484;
7613;12279;1135;3703;
7618;12454;2679;3302;
7619;12996;5043;1727;
7625;10540;3693;2380;
7636;7306;4220;3522;
7638;12063;4748;2680;
7643;13178;4701;2572;
7648;10201;4100;3176;
7650;10452;2288;3211;
7657;7227;6288;1846;
7658;2415;4691;2587;
7666;7281;1198;3582;
7669;11626;7430;992;
7670;12703;2687;2233;
7675;7227;6268;1838;
7683;11865;7380;75;
7685;11626;7423;1000;
7688;13038;7030;354;
7693;12732;3248;1576;
7707;11441;6818;2293;
7709;12063;4736;2686;
7726;13177;4710;2687;
7729;11344;6313;1744;
7731;11067;5040;1280;
7733;11327;5899;1736;
7735;10642;2966;848;
7737;12162;6951;1184;
7741;13183;4863;2337;
7743;12321;5203;2643;
7748;10327;3860;1477;
7750;11635;6845;1230;
7753;12992;5241;2243;
7754;7305;3960;3372;
7755;10056;2924;1744;
7757;10902;4694;192;
7762;10177;4474;3502;
7769;12209;2300;3573;
7774;11998;1392;2868;
7785;11327;5892;1662;
7786;13200;4314;2528;
7789;10775;1318;2965;
7790;13027;3714;1944;
7797;11428;6935;1600;
7799;12320;5303;2566;
7802;11106;5786;1692;
7804;12903;7506;507;
7805;11196;2079;2344;
7808;12188;7302;3110;
7812;11066;4966;1132;
7814;10171;4543;3245;
7820;13245;4377;3273;
7823;13193;4636;3693;
7838;10758;4613;176;
7841;12542;2361;3668;
7842;10323;6726;2050;
7845;11357;6765;2102;
7847;11201;1994;2719;
7848;11348;6559;1300;
7850;11368;6394;1498;
7854;12106;6358;1492;
7858;12907;7483;320;
7864;11201;1948;2722;
7872;11093;5400;1966;
7874;12990;5404;2068;
7879;12312;4885;3518;
7880;13216;4059;2877;
7884;10170;4208;3410;
7885;12180;6854;2676;
7889;11448;7068;2447;
7900;11360;6622;2005;
7904;13191;4451;2698;
7907;12179;6806;2446;
7911;13031;6557;1333;
7918;11360;6601;1996;
7920;10240;2314;2446;
7922;12165;6484;1182;
7927;12234;6911;1341;
7932;12996;5055;1820;
7936;11506;6812;681;
7937;10837;4298;1432;
7940;10859;4409;580;
7944;10223;4634;4007;
7956;12187;7254;2962;
7957;11929;3964;3094;
7966;11928;4004;3197;
7970;11974;4884;2409;
7976;11105;5732;1936;
7977;10421;2665;2290;
7980;7272;7361;1062;
7983;10006;3713;1727;
7989;13186;4651;2462;
7994;11769;7399;1820;
7996;12704;2570;2334;
7999;12541;2865;3362;
8000;11148;7215;275;
8013;12975;5177;1659;
8015;11947;1717;3960;
8018;10864;4419;473;
8031;11166;2149;3393;
8032;7306;4210;3526;
8033;12667;2375;3079;
8034;13140;2262;3285;
8043;11901;4522;2297;
8047;11901;4510;2297;
8049;13186;4650;2348;
8053;11394;1861;2635;
8056;11702;4122;3057;
8057;4783;7289;934;
8058;2415;4593;2604;
8061;7272;7311;1039;
8063;12106;6288;1458;
8072;11568;7337;2810;
8073;11430;6816;1815;
8074;11071;5139;1398;
8076;11137;2831;1926;
8079;11379;6252;1442;
8081;11628;7095;919;
8082;12992;5171;2289;
8083;8702;7746;3332;
8097;12057;5118;3821;
8103;12064;4869;2260;
8107;12171;6794;1642;
8110;11906;4226;2766;
8118;12064;4845;2226;
8119;11560;7155;3232;
8120;11441;6810;2299;
8123;11371;6506;1636;
8132;2359;7443;627;
8133;11493;6569;1054;
8144;11492;6528;1058;
8148;11071;5164;1436;
8157;10452;2282;3209;
8158;13177;4717;2686;
8161;12271;1325;3018;
8173;13177;4687;2657;
8176;11999;1274;3054;
8178;13197;4427;2566;
8180;10902;4709;206;
8181;11905;4265;2533;
8182;11919;4044;2778;
8185;13203;4239;2532;
8194;12225;4998;931;
8196;12119;6949;1559;
8202;10205;2764;480;
8204;12275;1265;3264;
8205;12261;1696;2370;
8210;12199;4849;3622;
8215;13217;3993;2962;
8217;12209;2289;3530;
8228;13109;5657;2008;
8233;11347;6481;1234;
8236;13191;4457;2780;
8241;11849;8039;229;
8245;11360;6669;2027;
8250;11347;6454;1240;
8257;11426;6758;1430;
8259;11956;8013;230;
8261;13221;3926;3178;
8266;10217;2205;2683;
8269;10661;2489;1067;
8272;12696;2173;2230;
8278;12289;1257;3202;
8288;13190;4471;2668;
8299;11105;5740;1909;
8303;11431;6839;1892;
8305;12464;617;1974;
8306;13190;4463;2662;
8307;12698;2377;2386;
8308;12185;7014;2673;
8310;11350;6813;1134;
8322;12456;2627;3281;
8323;11361;6572;1981;
8330;12165;6483;1128;
8331;11413;2449;388;
8333;10859;4390;620;
8338;12456;2560;3285;
8345;7306;4206;3495;
8353;11934;4068;3180;
8358;2415;4605;2598;
8361;13188;4561;2607;
8375;13191;4471;2768;
8377;11340;6225;1835;
8383;10229;2511;4046;
8385;11631;6946;1015;
8386;10536;3859;2327;
8387;11384;6300;1376;
8390;11631;6937;1010;
8394;11148;7182;286;
8397;11431;6852;1887;
8410;11921;4036;2934;
8427;13177;4703;2680;
8430;11655;6913;1697;
8439;10642;2995;930;
8449;11973;4838;2325;
8450;11559;7203;3294;
8454;11352;6822;1772;
8456;10642;2974;885;
8459;11781;7276;1218;
8463;10488;3291;1484;
8465;12831;2038;2425;
8475;7307;4303;3274;
8481;13140;2243;3312;
8483;11998;1344;2895;
8489;10202;4109;3034;
8490;11428;6924;1577;
8491;11976;4584;2535;
8493;11905;4287;2541;
8495;12188;7271;3050;
8496;11999;1287;3030;
8504;13004;5085;910;
8505;12188;7268;3192;
8508;12320;5287;2529;
8509;12174;6870;1594;
8511;12175;6887;1686;
8512;11905;4246;2535;
8522;11561;7184;3203;
8527;12175;6822;1718;
8529;11029;6742;486;
8535;7307;4356;3282;
8543;7307;4336;3268;
8546;10178;4612;3661;
8551;10323;6708;2042;
8556;4684;6401;1328;
8563;11850;8153;350;
8568;11098;5609;2105;
8579;12119;6947;1516;
8581;11850;8113;360;
8582;13203;4199;2524;
8587;11095;5321;2095;
8596;11095;5256;2081;
8603;10940;4860;3570;
8609;12187;7264;2986;
8611;12180;6824;2674;
8613;7305;3961;3364;
8616;12179;6788;2458;
8619;11384;6291;1330;
8625;11454;7174;2826;
8627;11361;6570;1998;
8633;11575;7590;3267;
8635;13198;4299;2655;
8645;11361;6548;2008;
8653;11505;6771;659;
8654;12264;1569;2652;
8661;10910;4891;686;
8662;10223;4608;4011;
8664;12056;4769;4012;
8675;13212;3882;2650;
8677;12667;2379;3057;
8679;13140;2271;3267;
8680;11105;5744;1855;
8683;11912;3886;2540;
8689;12699;2335;2318;
8691;11493;6592;1042;
8694;13199;4314;2418;
8697;11434;6855;1862;
8698;12323;5276;2853;
8700;11362;6560;1890;
8701;12667;2346;2970;
8708;11173;6834;270;
8709;12695;2256;2456;
8710;11484;6557;1082;
8711;11394;1889;2680;
8719;11361;6490;1886;
8720;12323;5191;2876;
8726;11492;6547;1057;
8727;13183;4868;2349;
8730;11998;1337;2920;
8733;11623;7207;2451;
8736;12997;5046;1670;
8741;10488;3288;1524;
8743;11492;6515;1064;
8744;10487;3150;1041;
8752;13024;3731;1682;
8761;11858;2205;3226;
8770;11901;4497;2308;
8773;12667;2347;3062;
8778;11702;4176;3105;
8779;13244;4318;3344;
8782;11900;4123;3074;
8783;4783;7267;1032;
8784;13188;4556;2614;
8785;13204;4191;2777;
8787;10536;3863;2289;
8799;11362;6541;1808;
8801;11495;6678;1039;
8802;13190;4499;2650;
8806;12158;7177;913;
8808;11968;7906;46;
8813;10837;4304;1359;
8818;11500;2243;1986;
8820;12785;2563;64;
8824;10180;4739;3463;
8826;12059;4979;3692;
8830;13198;4361;2714;
8832;10180;4729;3504;
8844;11909;4096;2679;
8846;12667;2344;3055;
8847;11455;7225;2912;
8848;11371;6504;1632;
8858;10507;2880;676;
8861;12275;1271;3348;
8873;12166;6367;1730;
8879;12158;7228;1040;
8882;11067;4992;1213;
8885;10056;2986;1695;
8890;11858;2217;3205;
8899;13193;4649;3748;
8905;11455;7218;2891;
8907;13197;4410;2575;
8914;13203;4218;2531;
8916;13220;3877;3138;
8920;2415;4619;2676;
8928;12175;6828;1700;
8931;13205;4183;2532;
8934;11095;5309;2081;
8950;11065;4974;1068;
8951;4862;4337;3430;
8959;4862;4303;3432;
8961;13178;4671;2580;
8964;13192;4392;2773;
8965;10171;4563;3244;
8966;13246;4417;3297;
8975;12421;7527;1200;
8979;11480;6722;1248;
8981;11997;1535;2702;
8983;12013;8107;242;
8986;12454;2646;3334;
8989;12736;85;3564;
8998;11479;6695;1450;
9000;11849;8083;257;
9002;12456;2620;3256;
9008;10970;5354;1157;
9010;10842;4387;901;
9016;11166;2031;3339;
9023;10177;4489;3605;
9024;13201;4326;2758;
9027;11431;6819;1887;
9037;11485;6439;1142;
9042;13201;4297;2736;
9046;11361;6501;1965;
9047;13197;4447;2620;
9056;11892;7587;1129;
9061;12321;5300;2727;
9063;12457;2521;3260;
9089;11970;4441;2636;
9091;13250;4636;3358;
9097;12115;7100;2390;
9101;13192;4397;2756;
9103;11328;5925;1822;
9104;13206;4114;2608;
9114;11632;6934;1041;
9117;12321;5316;2673;
9119;11328;5907;1806;
9121;11635;6806;1295;
9125;11360;6584;1900;
9128;4721;2455;204;
9130;11891;7468;1001;
9135;10837;4270;1455;
9139;11206;2537;160;
9151;11946;4433;3833;
9154;11934;4076;3175;
9157;12200;5828;4043;
9176;11973;4805;2329;
9179;12100;6449;1698;
9181;11482;6659;1074;
9182;13209;3930;2537;
9187;11835;7367;750;
9193;13184;4780;2336;
9198;11364;6559;1757;
9199;10527;3082;1649;
9203;11780;7172;1263;
9209;12754;2310;1819;
9211;4706;58;4050;
9212;10204;4039;3256;
9219;13028;3725;2221;
9222;13197;4447;2578;
9238;11371;6493;1604;
9241;13207;4044;2549;
9250;12275;1268;3313;
9256;11370;6463;1603;
9258;11365;6559;1677;
9271;10485;3212;1328;
9277;7307;4296;3252;
9287;13211;3879;2605;
9290;11635;6865;1319;
9293;11902;4372;2559;
9296;10775;1325;2938;
9297;12273;1265;3138;
9298;11360;6658;2042;
9299;12323;5246;2918;
9301;11360;6657;2038;
9302;13251;4660;3449;
9305;12667;2370;3049;
9309;12173;6911;1484;
9310;11849;8073;337;
9316;13205;4163;2529;
9353;13242;4330;3643;
9354;12323;5278;2914;
9363;11907;4271;2670;
9365;12421;7530;1164;
9368;13196;4425;2534;
9372;12323;5232;2910;
9381;13206;4083;2653;
9383;11845;7881;618;
9384;12266;1488;2647;
9386;11902;4406;2540;
9389;10086;6452;1324;
9398;11194;2092;2380;
9401;12056;4713;4024;
9405;10223;4683;4006;
9409;12667;2358;3065;
9411;12204;2236;3268;
9415;12667;2337;2980;
9416;4858;4415;2846;
9418;4858;4360;2841;
9424;11496;6621;1039;
9429;4818;1078;3736;
9433;13218;3865;3193;
9437;11454;7145;2778;
9442;11459;7279;2679;
9443;4858;4358;2828;
9447;11977;4589;2386;
9451;11977;4553;2379;
9453;11623;7188;2462;
9460;12185;6985;2648;
9462;12158;7153;918;
9468;12021;7653;1038;
9469;12264;1540;2614;
9471;12115;7126;2448;
9478;10040;2634;2073;
9484;2283;1080;3618;
9486;13136;2548;2075;
9489;11946;4481;3895;
9490;10204;4015;3310;
9497;11096;5491;2122;
9498;11455;7238;2936;
9501;11929;3988;3108;
9502;10204;3994;3312;
9504;11621;7270;2484;
9518;11970;4438;2650;
9520;10007;1293;3456;
9521;12181;7040;2359;
9524;12277;1210;3468;
9531;10527;3067;1652;
9535;10087;7239;1057;
9536;13206;4077;2594;
9540;12062;2326;1910;
9541;11968;7936;34;
9548;11074;5235;1612;
9550;10157;2497;99;
9553;10902;4707;204;
9555;10180;4713;3498;
9562;10173;4826;3824;
9567;10180;4688;3494;
9573;13174;4874;2862;
9575;13209;3942;2535;
9576;13204;4152;2761;
9579;13204;4181;2780;
9581;11442;6833;2230;
9590;11366;6430;1652;
9598;10508;2750;656;
9599;11482;6643;1058;
9608;11344;6317;1728;
9609;13019;4348;1160;
9610;10056;2934;1678;
9612;10087;7239;1086;
9629;11970;4385;2576;
9634;13193;4587;3756;
9645;12174;6870;1542;
9646;11902;4324;2492;
9658;11442;6801;2176;
9664;11367;6356;1534;
9667;11910;4145;2525;
9669;11997;1497;2782;
9671;11861;7510;432;
9683;4862;4297;3422;
9689;12787;2367;2065;
9690;12667;2362;3001;
9697;12204;2179;3224;
9698;11199;2313;2534;
9700;11902;4388;2548;
9701;13245;4372;3290;
9702;12319;5494;2842;
9714;11380;6371;1244;
9717;11369;6430;1439;
9719;11851;8123;274;
9723;11849;8079;280;
9734;11420;7248;766;
9735;10640;3102;1004;
9740;10661;2489;1025;
9745;13255;4567;3580;
9762;13198;4300;2630;
9766;11907;4273;2652;
9770;11891;7504;1108;
9772;10907;4822;404;
9779;11409;2358;1276;
9782;10040;2671;2047;
9788;11150;7111;346;
9790;11891;7476;1106;
9793;13182;4897;2445;
9804;11505;6748;631;
9805;12056;4796;3964;
9811;13250;4596;3358;
9813;10875;1610;3740;
9817;13221;3925;3200;
9822;13207;4066;2580;
9824;13249;4572;3353;
9826;12273;1258;3173;
9827;13182;4872;2529;
9832;12181;7036;2409;
9842;11361;6479;1914;
9846;12271;1328;3011;
9849;11441;6823;2362;
9855;12321;5321;2694;
9863;4783;7293;1010;
9868;11136;2752;1945;
9883;12059;4944;3700;
9893;12100;6445;1720;
9895;12668;2355;2920;
9903;13209;3924;2546;
9906;10007;1303;3387;
9909;13184;4768;2329;
9921;13209;3907;2538;
9922;11642;7127;1226;
9923;10007;1286;3382;
9926;13184;4739;2316;
9933;4764;5730;1418;
9935;11635;6826;1256;
9936;10203;4079;3116;
9942;4848;3139;3898;
9944;13193;4565;3732;
9946;2415;4615;2658;
9947;12192;8068;3949;
9957;12188;7318;3177;
9964;12323;5292;2912;
9967;11702;4181;3103;
9969;12063;4746;2673;
9971;11367;6333;1600;
9974;11820;8163;990;
9978;12100;6437;1713;
9979;13208;3981;2525;
9980;12903;7502;533;
9988;2415;4682;2667;
9989;11817;8075;1119;
9990;12262;1693;2427;
9996;12166;6403;1692;
10001;11531;230;1831;
10011;12875;393;1486;
10025;12323;5296;2903;
10027;12244;7938;1604;
10028;11875;7971;1528;
10033;12667;2335;3010;
10036;11425;6825;1337;
10042;11807;7929;1495;
10043;11368;6377;1513;
10046;11910;4128;2521;
10054;12672;2232;2766;
10055;11480;6757;1327;
10058;11878;7664;1524;
10063;12106;6349;1512;
10069;12220;5011;1930;
10072;2372;7477;1572;
10073;12220;4926;1959;
10078;10661;2489;1102;
10080;10906;4780;314;
10081;11775;7334;1532;
10090;11774;7196;1562;
10096;13242;4323;3683;
10099;11769;7388;1800;
10100;12323;5215;2898;
10105;4858;4391;2863;
10110;12273;1263;3115;
10111;13242;4292;3636;
10112;11810;8009;1337;
10113;13199;4326;2456;
10114;11454;7161;2806;
10126;10941;1796;4039;
10130;10925;5401;658;
10132;11345;6675;1194;
10134;11638;6995;1333;
10137;12457;2499;3240;
10145;13020;4234;1312;
10152;11426;6757;1351;
10154;12420;5638;3887;
10158;10040;2703;2101;
10162;10223;4655;4016;
13264;12262;1693;2405;
13265;12261;1722;2348;
13266;4723;1972;2230;
13270;11404;2093;2170;
13273;12001;2121;2114;
3882;13202;4318;2774;
-1;-1;-1;-1;